{
  "data": [
    {
      "name": "Advanced Micro Devices",
      "ticker": "AMD",
      "startDate": "1972-12-29",
      "description": "Advanced Micro Devices, Inc. engages in the provision of semiconductor businesses. It operates through the following segments: Computing & Graphics, and Enterprise, Embedded and Semi-Custom.",
      "exchangeCode": "NASDAQ"
    },
    {
      "name": "Apple Inc",
      "ticker": "AAPL",
      "startDate": "1980-12-12",
      "description": "Apple Inc. (Apple) designs, manufactures and markets mobile communication and media devices, personal computers, and portable digital music players, and a variety of related software, services, peripherals, networking solutions, and third-party digital content and applications.",
      "exchangeCode": "NASDAQ"
    },
    {
      "name": "AT&T Inc",
      "ticker": "T",
      "startDate": "1984-07-19",
      "description": "AT&T Inc. is a diversified, global leader in telecommunications, media and entertainment, and technology. AT&T Communications provides more than 100 million U.S. consumers with entertainment and communications experiences across TV, mobile and broadband. ",
      "exchangeCode": "NYSE"
    },
    {
      "name": "Microsoft Corporation",
      "ticker": "MSFT",
      "startDate": "1986-03-13",
      "description": "Microsoft (Nasdaq “MSFT” @microsoft) enables digital transformation for the era of an intelligent cloud and an intelligent edge. Its mission is to empower every person and every organization on the planet to achieve more.",
      "exchangeCode": "NASDAQ"
    }
  ]
}